EAN,Descricao,Validade,Status,Setor,DataCadastro
7892828001016,Adeforte 1 ampola,2027-07,ativo,GERAL,2026-02-21
7898665434123,Vita D3 vitafor 10ml,2027-09,ativo,GERAL,2026-02-21
7898665434123,Vita D3 vitafor 10ml,2027-09,ativo,GERAL,2026-02-21
7891317029920,Maq premium 30cp,2026-05,ativo,GERAL,2026-02-21
7898430194559,Tentantes 30+30cp,2026-04,ativo,GERAL,2026-02-21
7891317029920,Maq premium 30cp,2025-05,ativo,GERAL,2026-02-21
7891317029920,Maq premium 30cp,2026-05,ativo,GERAL,2026-02-21
7898665434123,Vita D3 10ml Vitafor,2027-09,ativo,MARCOS,2026-02-21
7892828001016,Adeforte 1amp,2027-07,ativo,MARCOS,2026-02-21
7891317144142,Aide 3 20ml,2027-08,ativo,MARCOS,2026-02-21
7891010970888,Nicorette 4mg 30,2027-05,ativo,MARCOS,2026-02-21
7891010970871,Nicorette 2mg 30,2027-02,ativo,MARCOS,2026-02-21
7891317025984,ALTA D 2.000UI 30CPS,2027-11,ativo,MARCOS,2026-02-21
7896112402343,Doss 2.000ui 30cps,2027-01,ativo,MARCOS,2026-02-21
7898430194696,DPREV TODO DIA 1.000UI GTS 10ML FRUTAS,2027-11,ativo,MARCOS,2026-02-21
7898430194320,DPREV TODO DIA 600UI 5ML FRUTAS,2027-09,ativo,MARCOS,2026-02-21
7899420508615,BARIAT XR CALCIO 60CP,2027-07,ativo,MARCOS,2026-02-21
7891317022532,PROSSO D+ KM 2.000UI 30CP,2027-12,ativo,MARCOS,2026-02-21
7891317029838,PROSSO 30CP,2027-07,ativo,MARCOS,2026-02-21
7896637030823,VELUS MAG 30CP,2027-02,ativo,MARCOS,2026-02-21
7891317046200,PROSSO MUSCULAR PO 30ENV,2027-09,ativo,MARCOS,2026-02-21
0042882378259,CALCIO 500 FORTLIFE 60CP,2027-12,ativo,MARCOS,2026-02-21
7891317031398,PROSSO KM 30 TABLETES MASTIG,2027-03,ativo,MARCOS,2026-02-21
7891317022525,PROSSO D+ KM 1.000UI 30CP,2027-08,ativo,MARCOS,2026-02-21
7891317010898,MTOR 1GR 90CP,2027-12,ativo,MARCOS,2026-02-21
7898661010734,BIO CALCIO PURAVIDA 60CPS,2027-02,ativo,MARCOS,2026-02-21
7898430192012,DPREV CALCIO 60CP,2027-06,ativo,MARCOS,2026-02-21
7898430194085,DPREV CALCIO 30CP,2027-04,ativo,MARCOS,2026-02-21
7898430194092,DPREV CALCIO 2.000UI 30CP,2027-07,ativo,MARCOS,2026-02-21
.7896637035965,Verical 60cp,2026-08,ativo,MARCOS,2026-02-21
7899824401710,OSSONE MAX 60CP,2027-06,ativo,MARCOS,2026-02-21
7899420501456,VIVOSSO PRO 60CP,2027-04,ativo,MARCOS,2026-02-21
7899420508127,VIVOSSO 30CP,2028-09,ativo,MARCOS,2026-02-21
7896658052835,PROTENA CALCIO 60CPS,2027-06,ativo,MARCOS,2026-02-21
7892828001573,TRIADE OSSO 30CP,2027-04,ativo,MARCOS,2026-02-21
7896006238560,DK2CAL 60CP,2027-07,ativo,MARCOS,2026-02-21
7899898601771,OSTEOFIX 60CP,2027-07,ativo,MARCOS,2026-02-21
7898971521081,OSTEOPLEX K2 30CP,2026-11,ativo,MARCOS,2026-02-21
7893454714516,OSSOTRAT-D 600+D3 60CP DELTA,2026-11,ativo,MARCOS,2026-02-21
7896658034886,INELATTE 800DKM 30CP,2027-02,ativo,MARCOS,2026-02-21
7899824400171,OSSONE 30CP,2026-08,ativo,MARCOS,2026-02-21
7898971521074,OSTEOPLEX KM 30CP,2026-07,ativo,MARCOS,2026-02-21
7896226109305,CALDE 60CP MASTIG,2027-06,ativo,MARCOS,2026-02-21
7896226109879,CALDE MDK 2.000UI 90CP,2027-11,ativo,MARCOS,2026-02-21
7896658029516,INELATTE CHOCOLATE ZERO 60TABLETES,2027-04,ativo,MARCOS,2026-02-21
7896226105147,CALDE MAG 60CP,2027-05,ativo,MARCOS,2026-02-21
7896226109565,CALDE MDK 2.000UI 30CP,2027-09,ativo,MARCOS,2026-02-21
7894916514613,FIXARE PRO 60CP,2027-09,ativo,MARCOS,2026-02-21
7894916515719,FIXARE FLEX 60CP,2026-12,ativo,MARCOS,2026-02-21
7894916516228,FIXARE FLEX 120CP,2027-11,ativo,MARCOS,2026-02-21
7896226110158,CALDE MAX 2.000UI 60CP,2027-08,ativo,MARCOS,2026-02-21
7896226109558,CALDE MDK 1.000UI 60CP,2027-06,ativo,MARCOS,2026-02-21
7896226109572,CALDE MDK 2.000UI 60CP,2027-10,ativo,MARCOS,2026-02-21
7896226109930,CALDE MAX 2.000UI 30CP,2027-07,ativo,MARCOS,2026-02-21
7896094927667,ADDERA + MOVE 2000UI 30 SACHES,2027-02,ativo,MARCOS,2026-02-21
7898582272884,BEM VITA VIT D3 + CALCIO 60CP,2027-07,ativo,MARCOS,2026-02-21
7898655575676,VITAMINA K2 149MCG 60CPS HEALTH LABS,2027-10,ativo,MARCOS,2026-02-21
7896658048654,SANY D CALCIO 2000UI + 300MG 30CP,2027-11,ativo,MARCOS,2026-02-21
7891317011345,ALTA D CAL VIT D 300MG+1000UI 60CP,2027-08,ativo,MARCOS,2026-02-21
7898040321376,NUTRICAL D 500MG+2MG 60CP,2027-09,ativo,MARCOS,2026-02-21
7898040329471,CALCITRAN MDK 60CP,2027-02,ativo,MARCOS,2026-02-21
7891058002336,OSCAL D 500MG + VIT D 400UI 60CP,2027-01,ativo,MARCOS,2026-02-21
7898655575676,VITAMINA K2 149MCG 60CPS HEALTH LABS,2027-08,ativo,MARCOS,2026-02-21
7891058002343,OSCAL 500MG 60CP,2027-10,ativo,MARCOS,2026-02-21
7896094919556,ADDERA D3 2.000UI 30CP,2027-06,ativo,MARCOS,2026-02-21
7891142982544,ADDERA MAX + IMUNIDADE 30CP,2027-06,ativo,MARCOS,2026-02-21
7896112402619,ZINCO 20MG 30CP GN BIOLAB,2027-09,ativo,MARCOS,2026-02-21
7896112402558,DOSS ZINCO 2.000UI+20MG 30CPS,2028-06,ativo,MARCOS,2026-02-21
7896094919570,ADDERA D3 2.000UI 90CP,2027-09,ativo,MARCOS,2026-02-21
7896094931220,ADDERA + MUSCULAR 60CP,2027-01,ativo,MARCOS,2026-02-21
7898605845064,VITACLINICAL ZINCO 30MG 60CPS,2027-08,ativo,MARCOS,2026-02-21
7898661013650,BIO ZINCO PURA VIDA 30CPS,2027-09,ativo,MARCOS,2026-02-21
7896094921139,ADDERA CAL 2.000UI 90CP,2027-10,ativo,MARCOS,2026-02-21
7896094921153,ADDERA CAL 1.000UI 30CP,2026-11,ativo,MARCOS,2026-02-21
7896094928572,ADDERA MAX CAL 30CP,2026-09,ativo,MARCOS,2026-02-21
7896094921122,ADDERA CAL 2.000UI 30CP,2027-11,ativo,MARCOS,2026-02-21
7896094919594,ADDERA D3 600UI GTS 5ML,2027-06,ativo,MARCOS,2026-02-21
7896112401711,DOSS 1.000UI GTS 10ML,2027-07,ativo,MARCOS,2026-02-21
7896094920507,ADDERA D3 400UI GTS 10ML,2027-06,ativo,MARCOS,2026-02-21
7891317018122,ALTA D 500UI GTS 10ML,2027-08,ativo,MARCOS,2026-02-21
7896112402329,DOSS 1.000UI 30CPS GEL,2027-06,ativo,MARCOS,2026-02-21
7896658024078,DOSE D MACA VERDE 10ML,2027-06,ativo,MARCOS,2026-02-21
7892828001016,Adeforte 1amp,2027-07,ativo,MARCOS,2026-02-21
7898582272853,BEM VITA VIT D3 200UI GOTAS 20ML LIMAO,2027-10,ativo,MARCOS,2026-02-21
7898687730593,VITAMINA D 2.000UI 30CPS ALTHAIA,2027-09,ativo,MARCOS,2026-02-21
7896658024085,DOSE D MACA VERDE 20ML,2027-02,ativo,MARCOS,2026-02-21
7896112402336,DOSS 1.000UI 90CPS GEL,2026-06,ativo,MARCOS,2026-02-21
7896006207733,FONT D 200UI/GOTA 20ML,2027-10,ativo,MARCOS,2026-02-21
7898665434123,Vita D3 10ml Vitafor,2027-09,ativo,MARCOS,2026-02-21
7898605845071,VITACLINICAL VITAMINA D3 2000UI 60CPS,2027-09,ativo,MARCOS,2026-02-21
7896112401513,VITAMINA D3 1.000UI 30CPS GN BIOLAB,2027-06,ativo,MARCOS,2026-02-21
7896658037948,SANY D 2.000UI 60CPS,2027-09,ativo,MARCOS,2026-02-21
7898430194627,DPREV TODO DIA 1.000UI 30CP,2027-07,ativo,MARCOS,2026-02-21
7891317021702,VITAMINA D 500UI GTS 10ML EURO,2027-06,ativo,MARCOS,2026-02-21
7896006222767,BIO-C KIDS EFERVESCENTE 10CP,2027-01,ativo,MARCOS,2026-02-21
7898216363827,AGIL C KIDS PLUS LARANJA 40PAST GOMAS,2027-04,ativo,MARCOS,2026-02-21
7896714290218,BLUMEL IMUNE KIDS 30 GOMAS,2027-05,ativo,MARCOS,2026-02-21
7896006229988,BIO-C 200MG SOL GOTAS 20ML,2027-09,ativo,MARCOS,2026-02-21
7896920306055,MILMUNE KIDS 30 GOMAS MORANGO,2026-08,ativo,MARCOS,2026-02-21
7896023724602,MELAGRIAO KIDS VIT C 30 GOMAS,2027-02,ativo,MARCOS,2026-02-21
7896023716430,VITAMINA C 1000MG 30CPS CATARINENSE,2027-08,ativo,MARCOS,2026-02-21
7898655576512,17898655576519,2027-06,ativo,MARCOS,2026-02-21
7896004774329,ENERGIL ZINCO 1GR 10CP EFERV,2027-06,ativo,MARCOS,2026-02-21
7896004774305,ENERGIL C 1GR 10CP EFERV,2027-06,ativo,MARCOS,2026-02-21
7896714291215,VITAMINA C + ZINCO 10CP EFERV NQ,2026-08,ativo,MARCOS,2026-02-21
7896714291222,VITAMINAS NEO QUIMICA VIT C 10CP EFERV,2027-03,ativo,MARCOS,2026-02-21
7908348616323,BEM VITA VIT C D + ZINCO 30CP EFERV,2027-07,ativo,MARCOS,2026-02-21
7908348616316,BEM VITA VIT C D + ZINCO 10CP EFERV,2027-05,ativo,MARCOS,2026-02-21
7898716455558,BEM VITA VIT C + ZINCO 30CP EFERV LARANJA,2027-06,ativo,MARCOS,2026-02-21
7898716455541,BEM VITA VIT C + ZINCO 10CP EFERV LARANJA,2026-06,ativo,MARCOS,2026-02-21
7908348616309,BEM VITA VIT C 30CP EFERV,2027-07,ativo,MARCOS,2026-02-21
7908348616316,BEM VITA VIT C D + ZINCO 10CP EFERV,2027-05,ativo,MARCOS,2026-02-21
7897947600836,ACEVITON IMUNIDADE 60CP MASTIG,2027-06,ativo,MARCOS,2026-02-21
7897947616332,ACEVITON ZINCO 30CP EFERV,2027-06,ativo,MARCOS,2026-02-21
7897947616271,ACEVITON EFERV 1GR 10CP,2027-05,ativo,MARCOS,2026-02-21
7896006299363,BIO-C 500MG 30CPS,2027-09,ativo,MARCOS,2026-02-21
7896006218104,BIO-C TRIPLA ACAO 30CP EFERV,2027-06,ativo,MARCOS,2026-02-21
7896006207306,BIO-C ZINCO 1GR 30CP EFERV,2027-12,ativo,MARCOS,2026-02-21
7896006207290,BIO-C ZINCO 10CP EFERV,2027-02,ativo,MARCOS,2026-02-21
7896006229971,BIO-C 1GR 30CP,2027-10,ativo,MARCOS,2026-02-21
7896006229964,BIO-C 1GR 10CP,2027-04,ativo,MARCOS,2026-02-21
7891106912655,REDOXON TRIPLA ACAO 10CP EFERV,2026-08,ativo,MARCOS,2026-02-21
7891106907118,REDOXON 1GR TRIPLE PACK 30CP EFERV,2027-02,ativo,MARCOS,2026-02-21
7891106006279,REDOXON 1GR 10CP EFERV LARANJA,2027-08,ativo,MARCOS,2026-02-21
7891058001520,TARGIFOR CEWIN EFERV 1G 10CP LARANJA,2027-07,ativo,MARCOS,2026-02-21
7891058000295,TARGIFOR CEWIN 500MG 30CP,2027-09,ativo,MARCOS,2026-02-21
7891058000295,TARGIFOR CEWIN 500MG 30CP,2027-08,ativo,MARCOS,2026-02-21
7891058005467,TARGIFOR C 16CP EFERVESCENTE,2027-03,ativo,MARCOS,2026-02-21
7896006210948,BIOARGI-C 16CP EFERV UQ,2027-11,ativo,MARCOS,2026-02-21
7897460401651,REFORGAN 500MG 30CP,2027-01,ativo,MARCOS,2026-02-21
7891158106897,COBAVITAL 1MG+4MG 30CP,2027-08,ativo,MARCOS,2026-02-21
7891158106965,COBAVITAL 1MG+4MG 16CP,2026-11,ativo,MARCOS,2026-02-21
7891058005887,TARGIFOR TE ENERGIZA 60CP,2026-09,ativo,MARCOS,2026-02-21
7891317043148,FEMINIS 90CPS,2027-08,ativo,MARCOS,2026-02-21
7891317025137,FEMINIS 30CPS GEL,2027-06,ativo,MARCOS,2026-02-21
7908134200811,KIT REGENESIS PREMIUM LIPINOVA 60CPS 2UN,2028-05,ativo,MARCOS,2026-02-21
7908134200712,REGENESIS PREMIUM LIPINOVA 60CPS,2027-03,ativo,MARCOS,2026-02-21
7908134200071,REGENESIS 90CPS,2027-10,ativo,MARCOS,2026-02-21
7898956544579,REGENESIS 60CPS,2027-03,ativo,MARCOS,2026-02-21
7898956544111,REGENESIS 30CPS,2027-06,ativo,MARCOS,2026-02-21
7908134200118,REGENESIS PRE 30CPS,2027-02,ativo,MARCOS,2026-02-21
7896094210134,MATRION 30CP,2026-12,ativo,MARCOS,2026-02-21
7899420508738,DELA COLIN 60CPS,2027-07,ativo,MARCOS,2026-02-21
7896094925830,OFOLATO SOP TANGERINA 30 SACHES,2027-06,ativo,MARCOS,2026-02-21
7898430193576,FERTISOP LARANJA 30ENV 4GR,2027-01,ativo,MARCOS,2026-02-21
7894916516679,NEUTROFER FOLATO D 30CP,2027-10,ativo,MARCOS,2026-02-21
7894916516686,NEUTROFER FOLATO D 90CP,2026-10,ativo,MARCOS,2026-02-21
7894916518239,NEUTROFER COLINA DHA 60CPS,2027-01,ativo,MARCOS,2026-02-21
7894916518246,NEUTROFER COLINA DHA 120CPS,2027-08,ativo,MARCOS,2026-02-21
7896112407881,DTN-FOL 400MCG+10MG 90CPS,2027-07,ativo,MARCOS,2026-02-21
7898549758529,PREVELIP ZS 30CPS,2026-09,ativo,MARCOS,2026-02-21
7899824401109,ZIRVIT VITA 30CPS,2028-03,ativo,MARCOS,2026-02-21
7899824401970,ZIRVIT VITA MAX 30CPS + 60CP,2027-11,ativo,MARCOS,2026-02-21
7898948648476,OGESTAN GOLD 30CPS,2027-06,ativo,MARCOS,2026-02-21
7896094927285,GESTAMAX GOLD 30CPS GEL,2027-03,ativo,MARCOS,2026-02-21
7908020507420,NATAZY PRE + COLINA 30CP,2026-09,ativo,MARCOS,2026-02-21
7898495608145,NATAZY DHA 30CPS,2026-09,ativo,MARCOS,2026-02-21
7898430191947,FOLAGEST 45CP,2027-06,ativo,MARCOS,2026-02-21
7891000361887,NESTLE MATERNA DHA 30CPS,2026-10,ativo,MARCOS,2026-02-21
7896006227052,MEGA MATER 30CPS,2027-06,ativo,MARCOS,2026-02-21
7898948648896,RADIANT MATURITY 60CPS,2027-09,ativo,MARCOS,2026-02-21
7891000359426,NESTLE MATERNA OMEGA DHA 30CP,2027-03,ativo,MARCOS,2026-02-21
7898661012875,ALPHA MATER PURA VIDA 60CPS,2027-04,ativo,MARCOS,2026-02-21
7896094919662,OFOLATO D FER 2.000UI 30CP,2027-08,ativo,MARCOS,2026-02-21
7896094919488,OFOLATO D 2.000UI 90CP,2027-05,ativo,MARCOS,2026-02-21
7896094919495,OFOLATO D 2.000UI 30CP,2027-07,ativo,MARCOS,2026-02-21
7896094917408,OFOLATO 90CP,2027-04,ativo,MARCOS,2026-02-21
7896094916203,OFOLATO 30CP,2027-05,ativo,MARCOS,2026-02-21
7894164005222,"AFOLIMAX 0,2MG/ML GTS 30ML",2027-04,ativo,MARCOS,2026-02-21
7899824401017,FOLACIN 10MCG/GOTA 30ML,2026-08,ativo,MARCOS,2026-02-21
7908020502883,GROW FERRO CHOCOLATE GTS 30ML,2027-01,ativo,MARCOS,2026-02-21
7898074613010,FISIOGEN FERRO FORTE 30MG 30CPS,2028-01,ativo,MARCOS,2026-02-21
7898074618091,FISIOGEN FERRO 30CPS,2027-09,ativo,MARCOS,2026-02-21
7899824400775,"FOLIFER 30MG+0,2MG/ML 30ML GOTAS",2027-10,ativo,MARCOS,2026-02-21
7897917000116,SULFERBEL GOTAS 30ML,2027-06,ativo,MARCOS,2026-02-21
7896112144892,FERRONIL 40MG 50CP,2027-02,ativo,MARCOS,2026-02-21
7908134200088,HEMOLIP 30MG 30CPS,2028-05,ativo,MARCOS,2026-02-21
7908950000015,FE-LIP 30MG FERRO E VIT C 30CPS,2027-09,ativo,MARCOS,2026-02-21
7908950000008,FE-LIP 15MG FERRO E VIT C 30CPS,2027-03,ativo,MARCOS,2026-02-21
7898430194757,MYRAFER C 80MG+30MG 30CP,2027-09,ativo,MARCOS,2026-02-21
0631430480393,BEM VITA VITAMINA B12 500MG 60CPS MASTIG MORANGO,2027-11,ativo,MARCOS,2026-02-21
7896094931688,VITAMINA B12 NEO QUIMICA 60CP MASTIG,2027-04,ativo,MARCOS,2026-02-21
7896023703546,VITAMINA B12 CATARINENSE 60CP MASTIG FRUTAS,2027-11,ativo,MARCOS,2026-02-21
7896004772301,COMPLEXO B 100CP EMS,2027-07,ativo,MARCOS,2026-02-21
7896023700316,COMPLEXO B CATARINENSE 60CPS,2027-08,ativo,MARCOS,2026-02-21
7898971521371,CURCUMA LONGA COPAPHARMA 60CPS,2027-09,ativo,MARCOS,2026-02-21
7898714762047,CURCUMA PREMIUM DOSE MAXIMA 130MG 30CPS KATIGUA,2027-09,ativo,MARCOS,2026-02-21
7896094930551,CURC AOX+ 60CP,2026-06,ativo,MARCOS,2026-02-21
7896094927261,CURC 400MG 60CP,2027-05,ativo,MARCOS,2026-02-21
7896083410552,COGNITUS 225MG 60CP,2027-10,ativo,MARCOS,2026-02-21
7892828001306,ORGANONEURO CEREBRAL 100CP,2027-03,ativo,MARCOS,2026-02-21
7892828000620,ORGANONEURO CEREBRAL 25DRG,2027-02,ativo,MARCOS,2026-02-21
7896658015106,FISIOTON 400MG 30CP,2027-09,ativo,MARCOS,2026-02-21
7896658015113,FISIOTON 400MG 60CP,2027-10,ativo,MARCOS,2026-02-21
7896920304037,MILMUNE CONCENTRADO 30CP,2027-10,ativo,MARCOS,2026-02-21
7896023713941,VITAMINA E 400MG 30CPS CATARINENSE,2027-07,ativo,MARCOS,2026-02-21
7897595635709,VITAMINA E 400MG 30CPS SDZ,2027-04,ativo,MARCOS,2026-02-21
7896112402770,ESTHEP 800MG 30CPS,2028-07,ativo,MARCOS,2026-02-21
7896112407010,ESTHEP 800MG 60CPS,2028-10,ativo,MARCOS,2026-02-21
7897460402207,E-STAR 800MG VIT E 30CPS,2027-03,ativo,MARCOS,2026-02-21
7891317038052,EMAMA 400MG 30CPS,2027-03,ativo,MARCOS,2026-02-21
7891317038717,EMAMA GAMA 400MG 30CPS,2027-05,ativo,MARCOS,2026-02-21
7896658047510,VITA E CICLOS 60CPS,2027-10,ativo,MARCOS,2026-02-21
7896006217572,COGNICX 60CPS,2027-10,ativo,MARCOS,2026-02-21
7897460402108,GABALLON COG 60CPS,2026-11,ativo,MARCOS,2026-02-21
7897851259977,MEMORIOL 30CP,2028-05,ativo,MARCOS,2026-02-21
7896920302989,AXOMAX QI 60CPS,2028-03,ativo,MARCOS,2026-02-21
7891317020354,COGMAX FOS 60CP,2027-08,ativo,MARCOS,2026-02-21
7891317042714,COGMAX 60CPS,2027-06,ativo,MARCOS,2026-02-21
7897947612358,LAVITAN MEMORIA 60CPS,2027-07,ativo,MARCOS,2026-02-21
7898736850289,COGNEURO FOCUS 60CPS,2026-11,ativo,MARCOS,2026-02-21
7898971521432,COGNEURO 60CPS,2026-11,ativo,MARCOS,2026-02-21
7908738907253,QUALIVITA COGNICAO SOFTGEL 60CPS,2027-08,ativo,MARCOS,2026-02-21
7893454714820,CONVIVIA 60CP,2026-12,ativo,MARCOS,2026-02-21
7899420501371,VIVAMENT 30CPS,2027-04,ativo,MARCOS,2026-02-21
7891317040222,QUELATUS MIND FOS MOMENTA 60CP,2027-05,ativo,MARCOS,2026-02-21
7896637032551,LOGNIS 60CP,2027-02,ativo,MARCOS,2026-02-21
7896006217381,LUMIER FORCE 30CPS,2026-07,ativo,MARCOS,2026-02-21
7896226110455,DOZEMAST NP 60CP,2027-09,ativo,MARCOS,2026-02-21
7896226110462,DOZEMAST NP 30CP,2027-09,ativo,MARCOS,2026-02-21
7898665434635,CURCUMA PLUS VITAFOR 500MG 60CPS,2027-10,ativo,MARCOS,2026-02-21
7896023703423,CURCUMA CATARINENSE 130MG 60CPS,2027-10,ativo,MARCOS,2026-02-21
7896226110226,VITERGAN COG 60CP,2026-11,ativo,MARCOS,2026-02-21
7896658049583,FISIOTON COG 60CPS,2027-06,ativo,MARCOS,2026-02-21
7896112453154,REVITAM JUNIOR 120ML,2027-02,ativo,MARCOS,2026-02-21
7898430194467,CALCEOS KIDS 200ML CEREJA,2027-07,ativo,MARCOS,2026-02-21
7899420501531,VITA COLIN 30 SACHES,2027-08,ativo,MARCOS,2026-02-21
7896094928787,MARACUGINA KIDS 150ML MARACUJA,2027-07,ativo,MARCOS,2026-02-21
7896094929333,MULTIVIT BIOTONICO FONTOURA MORANGO 60CP MASTIG,2027-03,ativo,MARCOS,2026-02-21
7896685302095,QUITLIS SOL ORAL 150ML,2027-08,ativo,MARCOS,2026-02-21
7896658029806,COMBI AD 30ML FRAMBOESA,2027-11,ativo,MARCOS,2026-02-21
7898269961032,RENALVIT PLUS 60CPS,2027-04,ativo,MARCOS,2026-02-21
7898948648513,ANDRACTIV 30CPS,2027-10,ativo,MARCOS,2026-02-21
7898948648759,ANDRACTIV PEYRONIE 30CP,2027-06,ativo,MARCOS,2026-02-21
7896023713477,FITOVITAL 60CPS CATARINENSE,2027-09,ativo,MARCOS,2026-02-21
7896677700281,FORTEVIRON 250MG 60CP,2028-03,ativo,MARCOS,2026-02-21
7896004717999,GEROVITAL 60CPS,2027-03,ativo,MARCOS,2026-02-21
7896004815077,NATUS GERIN 50CPS,2027-06,ativo,MARCOS,2026-02-21
7891317030087,LA IMMUNITA SOL SABOR UVA 150ML,2027-01,ativo,MARCOS,2026-02-21
7894916509985,NEUTROFER POLI 30ML,2027-02,ativo,MARCOS,2026-02-21
7896658049866,SANY D IMUNE KIDS SUSP 120ML MORANGO,2027-05,ativo,MARCOS,2026-02-21
7891142207388,ADDERA + IMUNIDADE KIDS 600UI 75ML UVA,2027-09,ativo,MARCOS,2026-02-21
7898430194849,PURAVIT IMUNE SUSP ORAL 75ML MACA VERDE,2027-06,ativo,MARCOS,2026-02-21
7898430194979,PURAVIT A D Z 10ML GOTAS,2027-08,ativo,MARCOS,2026-02-21
7898430194702,"UNIZINCO PRE 0,5MG/ML GOTAS 10ML",2027-09,ativo,MARCOS,2026-02-21
7898495609340,GROW VIT 240ML LARANJA,2027-04,ativo,MARCOS,2026-02-21
7898495609739,GROW ZINCO 100ML GUARANA,2027-09,ativo,MARCOS,2026-02-21
7896658039959,BIOZINC GTS 10MG 15ML S/ SABOR,2027-08,ativo,MARCOS,2026-02-21
7898956544081,NUTRINFAN 120ML,2026-07,ativo,MARCOS,2026-02-21
7896658027208,DAYVIT KIDS SUSP 120ML TUTTI FRUTTI,2026-11,ativo,MARCOS,2026-02-21
7896094926059,VITASAY A-Z MULHER 30CP,2026-11,ativo,MARCOS,2026-02-21
7896094926080,VITASAY A-Z HOMEM 30CP,2027-04,ativo,MARCOS,2026-02-21
7891317029982,QUELATUS 30CP,2027-07,ativo,MARCOS,2026-02-21
7891317030001,QUELATUS SENIOR 30CP,2027-07,ativo,MARCOS,2026-02-21
7891317029951,MAQ SENIOR 30CP,2027-07,ativo,MARCOS,2026-02-21
7891317029968,MAQ SENIOR 60CPS,2027-01,ativo,MARCOS,2026-02-21
7891106916509,REDOXON A-Z MULTIVIT 30CP,2026-08,ativo,MARCOS,2026-02-21
7891106916493,REDOXON A-Z MULTIVIT 60CP,2027-01,ativo,MARCOS,2026-02-21
7891106916592,REDOXON ENERGY 30CPS,2026-12,ativo,MARCOS,2026-02-21
7891106916608,REDOXON ENERGY 60CPS,2027-02,ativo,MARCOS,2026-02-21
7897460401378,OLIGOVIT UP 60CPS,2027-04,ativo,MARCOS,2026-02-21
7899824401048,ZIRVIT MULTI 30CP,2027-02,ativo,MARCOS,2026-02-21
7899824401338,ZIRVIT MULTI MAX 60CPS,2026-10,ativo,MARCOS,2026-02-21
7899824401055,ZIRVIT KIDS 100ML TUTTI FRUTTI,2027-07,ativo,MARCOS,2026-02-21
7899824400201,ZIRVIT BABY 30ML TUTTI FRUTTI,2027-05,ativo,MARCOS,2026-02-21
7899824401246,ZINQUEL 5MG/ML SUSP ORAL 60ML COCO,2027-05,ativo,MARCOS,2026-02-21
7896920301340,POLITABS KIDS 240ML,2027-03,ativo,MARCOS,2026-02-21
7896004700502,APEVITIN BC 4MG 240ML XPE,2027-08,ativo,MARCOS,2026-02-21
7908738907208,BEM VITA BC KIDS SABOR UVA 240ML,2027-08,ativo,MARCOS,2026-02-21
7897947614673,LAVITAN INFANTIL 240ML TUTTI FRUTTI,2027-04,ativo,MARCOS,2026-02-21
7896009499012,CENTRUM ESSENCIAL 30CP,2026-10,ativo,MARCOS,2026-02-21
7896009498176,CENTRUM SELECT HOMEM 30CP,2027-07,ativo,MARCOS,2026-02-21
7896009498121,CENTRUM ADULTO 30CP,2027-01,ativo,MARCOS,2026-02-21
7896009498138,CENTRUM ADULTO 60CP,2026-07,ativo,MARCOS,2026-02-21
7896009498633,CENTRUM ESSENTIALS HOMEM 30CP,2026-09,ativo,MARCOS,2026-02-21
7896009498626,CENTRUM ESSENTIALS HOMEM 60CP,2026-10,ativo,MARCOS,2026-02-21
7896226100067,VITERGAN MASTER N 30CP,2027-09,ativo,MARCOS,2026-02-21
7896226110486,VITERGAN ZINCO PL D 70CP,2027-06,ativo,MARCOS,2026-02-21
7896226110431,VITERGAN ZINCO PL D 30CP,2027-06,ativo,MARCOS,2026-02-21
7896226109350,VITERGAN ZINCO PL 60CP,2027-07,ativo,MARCOS,2026-02-21
7896226102801,VITERGAN ZINCO PL 30CP,2027-09,ativo,MARCOS,2026-02-21
7896226110479,VITERGAN ZINCO D 70CP,2026-09,ativo,MARCOS,2026-02-21
7896226110417,VITERGAN ZINCO D 30CP,2026-08,ativo,MARCOS,2026-02-21
7896226102603,VITERGAN ZINCO 30CP,2027-09,ativo,MARCOS,2026-02-21
7896226109336,VITERGAN ZINCO 60CP,2026-07,ativo,MARCOS,2026-02-21
7896226110127,VITERGAN MASTER N 70CP,2027-05,ativo,MARCOS,2026-02-21
7891045031257,NESTLE MATERNA 30CP,2027-03,ativo,MARCOS,2026-02-21
7898430194320,DPREV TODO DIA 600UI 5ML FRUTAS,2027-11,ativo,MARCOS,2026-02-21
7898322242122,MULTIMIX PASTILHAS INFANTIL LIMAO E MENTA,2027-05,ativo,MARCOS,2026-02-21
7896920304716,MILMUNE LARANJA 30 GOMAS,2026-06,ativo,MARCOS,2026-02-21
7899420508530,SOPI 30 SACHES 4GR,2027-09,ativo,MARCOS,2026-02-21
7896637030823,VELUS MAG 30CP,2027-04,ativo,MARCOS,2026-02-21
7896685302095,QUITLIS SOL ORAL 150ML,2027-08,ativo,MARCOS,2026-02-21
7898956544081,NUTRINFAN 120ML,2027-02,ativo,MARCOS,2026-02-21
7896094930544,CURC AOX+ 30CP,2027-11,ativo,MARCOS,2026-02-21
7896658026850,BIOZINC KIDS 2MG 75ML GUARANA,2028-08,ativo,MARCOS,2026-02-21
7896658048654,SANY D CALCIO 2000UI + 300MG 30CP,2027-12,ativo,MARCOS,2026-02-21
7898948648629,OGESTAN PRE 30CPS,2027-09,ativo,MARCOS,2026-02-21
7891142982537,ADDERA MAX 30CP,2027-07,ativo,MARCOS,2026-02-21
7898582270316,COMPLEXO B 100CP GALLIA,2027-02,ativo,MARCOS,2026-02-21
7891317039097,FERROVITAN C/ COLINA 60ML FRUTAS,2027-05,ativo,MARCOS,2026-02-21
7894916514422,FIXARE 60CP,2027-11,ativo,MARCOS,2026-02-21
7898430191084,MAXXI D3 KIDS 200UI/GOTA 10ML TUTTI FRUTTI,2027-06,ativo,MARCOS,2026-02-21
7899824401529,ZIRVIT KIDS MAX 100ML TUTTI FRUTTI,2027-10,ativo,MARCOS,2026-02-21
7894916514415,FIXARE 30CP,2027-05,ativo,MARCOS,2026-02-21
7896094918634,ADDERA D3 1.000UI GTS 5ML,2027-12,ativo,MARCOS,2026-02-21
7899824401529,ZIRVIT KIDS MAX 100ML TUTTI FRUTTI,2027-10,ativo,MARCOS,2026-02-21
7898430191084,MAXXI D3 KIDS 200UI/GOTA 10ML TUTTI FRUTTI,2027-06,ativo,MARCOS,2026-02-21
7898430194689,DPREV 400UI GTS 10ML FRUTAS,2027-09,ativo,MARCOS,2026-02-21
7891317018122,ALTA D 500UI GTS 10ML,2027-08,ativo,MARCOS,2026-02-21
7891317144166,AIDE 3 GTS 10ML LIMAO,2027-07,ativo,MARCOS,2026-02-21
7896658038723,SANY D 200UI GT MACA VERDE 20ML,2027-09,ativo,MARCOS,2026-02-21
7896658037917,SANY D 2.000UI 30CPS,2027-06,ativo,MARCOS,2026-02-21
7892828002303,ADEFORTE TURBO 3ML ORAL,2027-10,ativo,MARCOS,2026-02-21
7891106006286,REDOXON 200MG GOTAS 20ML,2027-02,ativo,MARCOS,2026-02-21
7896094926080,VITASAY A-Z HOMEM 30CP,2027-04,ativo,MARCOS,2026-02-21
7896094917712,ADDERA D3 2.000UI 30CPS GEL,2027-09,ativo,MARCOS,2026-02-21
7908348616293,BEM VITA VIT C 10CP EFERV,2027-11,ativo,MARCOS,2026-02-21
7908348616323,BEM VITA VIT C D + ZINCO 30CP EFERV,2027-05,ativo,MARCOS,2026-02-21
7896006218104,BIO-C TRIPLA ACAO 30CP EFERV,2028-12,ativo,MARCOS,2026-02-21
7891058001643,TARGIFOR CEWIN 200MG/ML GOTAS 20ML LARANJA,2027-02,ativo,MARCOS,2026-02-21
7896004700502,APEVITIN BC 4MG 240ML XPE,2027-09,ativo,MARCOS,2026-02-21
7898430194719,DPREV IMUNE KIDS 75ML,2027-07,ativo,MARCOS,2026-02-21
7892828001580,TRIADE MULHER 30CPS,2027-03,ativo,MARCOS,2026-02-21
7898074617322,FLUIMUCIL D 600MG 16ENV,2027-03,ativo,MARCOS,2026-02-21
7891317013783,AIRES 600MG GRAN 16ENV,2027-09,ativo,MARCOS,2026-02-21
7899095239401,CISTEIL 600MG/G 16ENV,2027-07,ativo,MARCOS,2026-02-21
7908738902920,SUPL ALIM ACETIL CLEAR 600MG 16 SACHES 5GR LARANJA,2027-08,ativo,MARCOS,2026-02-21
7898736850098,CISTELIV 600MG 16 SACHES,2027-09,ativo,MARCOS,2026-02-21
7898655579933,ACETILCISTEINA 600MG 16ENV HEALTH LABS,2028-01,ativo,MARCOS,2026-02-21
7908738902937,ACETIL CLEAR 40MG/ML 120ML MORANGO,2027-11,ativo,MARCOS,2026-02-21
7898074617438,FLUIMUCIL 40MG/ML XPE ADU 120ML MORANGO,2027-03,ativo,MARCOS,2026-02-21
7899095203556,CISTEIL 40MG/ML 120ML XPE ADU MORANGO,2027-04,ativo,MARCOS,2026-02-21
7896181922285,ACETILCISTEINA 40MG 120ML GN BIOSINTETICA,2027-01,ativo,MARCOS,2026-02-21
7898074617445,FLUIMUCIL 20MG/ML XPE PED 120ML FRAMBOESA,2027-03,ativo,MARCOS,2026-02-21
7899095203532,CISTEIL 20MG/ML 120ML XPE INF FRAMBOESA,2027-06,ativo,MARCOS,2026-02-21
7891317025090,AIRES XPE 20MG/ML 120ML,2027-09,ativo,MARCOS,2026-02-21
7899095233805,ACETILCISTEINA 20MG 120ML GN GEO,2027-04,ativo,MARCOS,2026-02-21
7896920305638,ECOFLUX XPE 120ML MEL E AGRIAO,2027-02,ativo,MARCOS,2026-02-21
7898927111311,STODAL 4CH 150ML,2026-12,ativo,MARCOS,2026-02-21
7891317015985,TORANTE XPE 15MG 100ML,2027-08,ativo,MARCOS,2026-02-21
7896023703508,HEDERA HELIX XPE 150ML CATARINENSE,2027-09,ativo,MARCOS,2026-02-21
7896094928527,BENETOSSE 15MG/ML XPE 100ML,2027-04,ativo,MARCOS,2026-02-21
7896714274799,BLUMEL HEDERA 15MG 100ML,2027-07,ativo,MARCOS,2026-02-21
7896331707106,HEDERA FLUX 100ML,2027-05,ativo,MARCOS,2026-02-21
7896331707113,HEDERA FLUX 200ML,2027-11,ativo,MARCOS,2026-02-21
7896023788796,G500 BALSAMICO 150ML,2027-07,ativo,MARCOS,2026-02-21
7896023719899,MELAGRIAO XPE 150ML,2027-04,ativo,MARCOS,2026-02-21
7896523228150,"CIMETOSSE 13,33MG/ML XPE 120ML",2027-05,ativo,MARCOS,2026-02-21
7896004812168,EXPEC XPE 120ML LEG,2027-06,ativo,MARCOS,2026-02-21
7896094931534,"TOSSEXPEC 0,4+20+4MG+6MG/ML XPE 120ML",2027-09,ativo,MARCOS,2026-02-21
7898040329952,SEDAVAN 6MG/ML XPE AD 100ML FRAMBOESA,2026-10,ativo,MARCOS,2026-02-21
7896523207681,AMBROXMEL 6MG/ML XPE AD 120ML,2027-04,ativo,MARCOS,2026-02-21
7896181909279,AMBROXOL AD 120ML GN BIO,2028-03,ativo,MARCOS,2026-02-21
7891058021573,MUCOSOLVAN XPE 15MG/5ML PED 120ML FRUTAS VERMELHAS,2027-06,ativo,MARCOS,2026-02-21
7896714260051,AMBROXOL-NEOSSOLVAN XPE INF 120ML,2026-08,ativo,MARCOS,2026-02-21
7896523207667,AMBROXMEL 3MG/ML XPE PED 120ML,2027-04,ativo,MARCOS,2026-02-21
7896112127338,AMBROXOL PED 15MG/5ML 120ML GN TEUTO BAUNILHA,2027-03,ativo,MARCOS,2026-02-21
7896523207643,AMBROXOL PED 15MG/5ML 120ML GN CIMED CEREJA,2027-06,ativo,MARCOS,2026-02-21
7894916372787,AMBROXOL PED 15MG/5ML 120ML GN EMS FRAMBOESA,2027-09,ativo,MARCOS,2026-02-21
7897848500563,"AMBROXOL 7,5MG/ML GOTAS 50ML GN NATIVITA",2026-09,ativo,MARCOS,2026-02-21
7891058021610,"BISOLVON XPE ADU 1,6MG/ML 120ML CEREJA",2027-06,ativo,MARCOS,2026-02-21
7896004720241,BROMEXINA XPE PED 4MG/5ML 120ML GN EMS,2027-01,ativo,MARCOS,2026-02-21
7896006259701,HYTOS PLUS XPE 100ML,2027-09,ativo,MARCOS,2026-02-21
7898074618183,"SEKI 3,54MG/ML XPE 120ML COCO",2028-06,ativo,MARCOS,2026-02-21
7896004770222,"CLOPE 3,54MG/ML 120ML COCO",2027-04,ativo,MARCOS,2026-02-21
7896004772332,"CLOPERASTINA 3,54MG 120ML GN EMS",2027-09,ativo,MARCOS,2026-02-21
7896006216308,ECOS 3MG/ML XPE 120ML,2027-05,ativo,MARCOS,2026-02-21
7896253900920,VIBRAL 3MG/ML XPE ADU 120ML FRAMBOESA,2028-06,ativo,MARCOS,2026-02-21
7896658021121,"NOTUSS TSS XPE ADU 3,0MG 120ML MEL",2027-03,ativo,MARCOS,2026-02-21
7896181922377,DROPROPIZINA XPE ADL 120ML GN BIO,2027-08,ativo,MARCOS,2026-02-21
7896658021381,"NOTUSS TSS XPE PED 1,5MG 120ML MORANGO",2027-03,ativo,MARCOS,2026-02-21
7896253900913,"VIBRAL 1,5MG/ML XPE PED 120ML FRAMBOESA",2027-09,ativo,MARCOS,2026-02-21
7896026130004,GOTAS BINELLI 30MG/ML 10ML,2028-08,ativo,MARCOS,2026-02-21
7896004700571,CARBOCISTEINA 50MG 100ML GN EMS,2026-10,ativo,MARCOS,2026-02-21
7896523202204,LORATAMED 1MG/ML XPE 100ML,2027-02,ativo,MARCOS,2026-02-21
7896523207704,LORATADINA 1MG/ML XPE 100ML GN CIMED,2027-09,ativo,MARCOS,2026-02-21
7896006247746,HISTADIN 1MG 100ML,2027-08,ativo,MARCOS,2026-02-21
7500435209786,VICK XPE MEL 16MG/ML 100ML,2026-09,ativo,MARCOS,2026-02-21
7500435153072,VICK XPE PED 200MG/15ML 120ML CEREJA,2026-09,ativo,MARCOS,2026-02-21
7590002023228,VICK XPE 44E 120ML,2027-05,ativo,MARCOS,2026-02-21
7898014560268,RESFEDRYL SOL ORAL 100ML,2027-06,ativo,MARCOS,2026-02-21
7896331701661,RESFENOL XPE 100ML,2027-07,ativo,MARCOS,2026-02-21
7896004704999,"DEXCLORFENIRAMINA 0,4MG/ML 120ML GN EMS",2026-09,ativo,MARCOS,2026-02-21
7899547503296,"DEXCLORFENIRAMINA 0,4MG/ML 100ML GN PRATI",2026-08,ativo,MARCOS,2026-02-21
7896714219318,"HISTAMIN 0,4MG/ML XPE 100ML",2027-06,ativo,MARCOS,2026-02-21
7896658049620,DECONTOSSE 40MG/ML SUSP 100ML,2027-10,ativo,MARCOS,2026-02-21
7896714293387,BRONFENIRAMINA+FENILEFRINA XPE 120ML GN NQ,2027-05,ativo,MARCOS,2026-02-21
7896094929371,"DESCON 0,4MG+1MG/ML XPE 120ML",2026-11,ativo,MARCOS,2026-02-21
7896658001918,"DECONGEX PLUS 0,4+1MG/ML XPE 120ML",2027-02,ativo,MARCOS,2026-02-21
7896181911128,LORATADINA XPE 1MG/ML 100ML GN BIO,2027-01,ativo,MARCOS,2026-02-21
7898148294473,LORATADINA XPE 1MG/ML 100ML GN PRATI,2027-03,ativo,MARCOS,2026-02-21
7894916372770,LORATADINA 1MG/ML XPE 100ML GN EMS,2027-06,ativo,MARCOS,2026-02-21
7897337712927,"DESALEX 0,5MG/ML XPE 60ML",2027-08,ativo,MARCOS,2026-02-21
7896181922667,"DESLORATADINA 0,5ML 100ML GN BIO",2027-08,ativo,MARCOS,2026-02-21
7896004770895,ALLEXOFEDRIN PED 6MG/ML 60ML,2027-05,ativo,MARCOS,2026-02-21
7896004794075,FEXOFENADINA 6MG/ML 150ML GN EMS,2027-06,ativo,MARCOS,2026-02-21
7891317038557,FEXOFENADINA 6MG/ML 150ML GN EURO,2028-07,ativo,MARCOS,2026-02-21
7898152460994,PASSIFLORA INCARNATA AS ERVAS CURAM 400MG 50CPS,2027-02,ativo,MARCOS,2026-02-21
7896331707946,"RITMONEURAN RTM 182,93MG 20CPS",2027-06,ativo,MARCOS,2026-02-21
7898430192685,TENSART 360MG 30CP,2026-12,ativo,MARCOS,2026-02-21
7898430192692,TENSART 30 857MG 30CP,2027-02,ativo,MARCOS,2026-02-21
7898430192708,TENSART 100MG/ML 100ML,2026-08,ativo,MARCOS,2026-02-21
7896094918894,MARACUGINA PI 840MG 20CP,2027-08,ativo,MARCOS,2026-02-21
7896112480846,SERENUS 20CP,2026-10,ativo,MARCOS,2026-02-21
7896226109688,PASALIX 20CP,2028-09,ativo,MARCOS,2026-02-21
7896226109695,PASALIX 30CP,2028-03,ativo,MARCOS,2026-02-21
7896226109701,PASALIX 60CP,2028-03,ativo,MARCOS,2026-02-21
7896226109909,PASALIX PI 1000MG 20CP,2027-09,ativo,MARCOS,2026-02-21
7896226100296,PASALIX PI 500MG 20CP,2027-02,ativo,MARCOS,2026-02-21
7896226100302,PASALIX PI 500MG 30CP,2027-09,ativo,MARCOS,2026-02-21
7896226100319,PASALIX PI 500MG 60CP,2027-06,ativo,MARCOS,2026-02-21
7896714274423,EQUILIBRISSE 420MG 10CP,2027-07,ativo,MARCOS,2026-02-21
7898505096375,ALPHALIV 900MG 20CP,2027-04,ativo,MARCOS,2026-02-21
7896658013072,SINTOCALMY 300MG 40CP,2027-02,ativo,MARCOS,2026-02-21
7896658021428,SINTOCALMY 600MG 30CP,2027-08,ativo,MARCOS,2026-02-21
7898133136047,SEAKALM 260MG 20CP,2027-07,ativo,MARCOS,2026-02-21
7899470800882,SEAKALM 90MG/ML SOL 100ML NATULAB,2027-05,ativo,MARCOS,2026-02-21
7895858017156,CALMAN 20CP,2027-11,ativo,MARCOS,2026-02-21
7895858017149,CALMAN LIQ 100ML,2028-02,ativo,MARCOS,2026-02-21
7896677704890,NERVOCALM 250MG 20CP,2027-06,ativo,MARCOS,2026-02-21
7896677701615,NERVOCALM 250MG 60CP,2027-11,ativo,MARCOS,2026-02-21
7893093067240,ANSIODORON 80CP WELEDA,2027-06,ativo,MARCOS,2026-02-21
7898908753301,NEUREXAN 50CP SL,2026-07,ativo,MARCOS,2026-02-21
7896094929548,MELATONUM COMPLETE 30CPS,2027-01,ativo,MARCOS,2026-02-21
7896094929289,MARACUGINA ME MELATONINA+TRIPTO 30CPS,2027-09,ativo,MARCOS,2026-02-21
7896108016998,SONOPAX TRIPTOFANO + MELATONINA 30CPS,2026-10,ativo,MARCOS,2026-02-21
7908738907260,QUALIVITA TRIPTOFANO+MAGNESIO SOFTGEL 30CPS,2027-05,ativo,MARCOS,2026-02-21
7898430194269,PROMIND MELATONINA 60CP,2027-06,ativo,MARCOS,2026-02-21
7896920303894,LEEPZ 30CP ECOFITUS,2028-08,ativo,MARCOS,2026-02-21
7896094928985,MELATONUM MAX FR 30ML,2028-09,ativo,MARCOS,2026-02-21
7896094929234,MARACUGINA ME MELATONINA 30ML,2027-09,ativo,MARCOS,2026-02-21
7898661012264,MELATONINA PURA VIDA 20ML GTS MARACUJA,2026-07,ativo,MARCOS,2026-02-21
7896321037237,GUMMY NIGHT MELATONINA FRAMBOESA 30 GOMAS,2027-05,ativo,MARCOS,2026-02-21
7896023770920,MELATONINA 90CP UNIFABRA,2027-05,ativo,MARCOS,2026-02-21
7897947601161,LAVITAN MELATONINA 90CP MASTIG MARACUJA,2027-10,ativo,MARCOS,2026-02-21
7897947601178,LAVITAN MELATONINA 150CP MASTIG MARACUJA,2027-11,ativo,MARCOS,2026-02-21
7897917002301,CASTANHA DA INDIA BELFAR 100MG 60CP,2027-10,ativo,MARCOS,2026-02-21
7899470803975,VARIVAX 300MG 30CP,2027-09,ativo,MARCOS,2026-02-21
7898133136450,VARIVAX 100MG 30CP,2027-07,ativo,MARCOS,2026-02-21
7896331709193,CASTANHA DA INDIA-PROCTOCAPS 20CPS HERTZ,2027-01,ativo,MARCOS,2026-02-21
7896004817477,A SAUDE DA MULHER 150ML,2027-05,ativo,MARCOS,2026-02-21
7896637033589,ARPADOL 400MG 30CP,2027-06,ativo,MARCOS,2026-02-21
7896331708837,SAB SANASAR 100MG/G 60GR ERVA DOCE,2028-11,ativo,MARCOS,2026-02-21
7896094920248,ESCABIN PRO 4% EMULSAO 100ML,2027-11,ativo,MARCOS,2026-02-21
7899095203662,KAODINE 5% LOCAO 60ML,2028-09,ativo,MARCOS,2026-02-21
7896523209364,PEDILETAN 1% LOCAO 60ML,2027-09,ativo,MARCOS,2026-02-21
7896714290553,VITAMINAS NEO QUIMICA MELATONINA 90CP,2027-08,ativo,MARCOS,2026-02-21
7896094925816,VITASAY MELATONINA FR 90CP,2028-02,ativo,MARCOS,2026-02-21
7899869705835,QUALIVITA MELATONINA FR 60CPS,2028-06,ativo,MARCOS,2026-02-21
7899898601719,"SEAKALM MELATONINA 0,21MG 90CP MASTI",2028-10,ativo,MARCOS,2026-02-21
7893454300115,ACERATUN 100MG/ML GOTAS 10ML,2028-08,ativo,MARCOS,2026-02-21
7896548140284,"CERUMIN 0,4+140MG/ML 8ML OTOLOGICO",2026-10,ativo,MARCOS,2026-02-21
7896637022439,OTO-XILODASE GTS 8 ML,2027-02,ativo,MARCOS,2026-02-21
7896006212072,OXIBERRY 30 SACHES 5GR,2027-06,ativo,MARCOS,2026-02-21
7898430191244,UROCRAN 30CPS,2027-07,ativo,MARCOS,2026-02-21
7896112406617,ELLURA 200MG 30CPS,2026-06,ativo,MARCOS,2026-02-21
7892828001405,SEPURIN 20DRG,2026-11,ativo,MARCOS,2026-02-21
7896004801216,CYSTEX 24DRG,2027-05,ativo,MARCOS,2026-02-21
7892953001370,PYRIDIUM 100MG 25DRG,2027-08,ativo,MARCOS,2026-02-21
7892953001387,PYRIDIUM 200MG 18DRG,2028-08,ativo,MARCOS,2026-02-21
7898928257018,NIQUITIN 7MG 7 ADESIVOS TRANSP *PARA COMIGO*,2027-09,ativo,MARCOS,2026-02-21
7898928257025,NIQUITIN 14MG 7 ADESIVOS TRANSP *PARA COMIGO*,2028-07,ativo,MARCOS,2026-02-21
7898928257032,NIQUITIN 21MG 7 ADESIVOS TRANSP *PARA COMIGO*,2028-06,ativo,MARCOS,2026-02-21
7891010970871,Nicorette 2mg 30,2027-02,ativo,MARCOS,2026-02-21
7891010970888,Nicorette 4mg 30,2027-04,ativo,MARCOS,2026-02-21
7898927111304,QUIETUDE 20 FLACONETES,2027-12,ativo,MARCOS,2026-02-21
7897129300059,CAMOMILINA C 20CPS,2028-10,ativo,MARCOS,2026-02-21
7896112408864,GEL BUCAL GENGI BABY 10GR D,2027-06,ativo,MARCOS,2026-02-21
7896112403340,AD-MUC GEL BUCAL KIDS 10GR,2027-06,ativo,MARCOS,2026-02-21
7896112452461,AD-MUC 10% POM 10GR,2027-02,ativo,MARCOS,2026-02-21
7891142171191,POLARAMINE 10MG CR DERM 30GR,2027-10,ativo,MARCOS,2026-02-21
7896714226033,HISTAMIN 10MG/G CR DERM 30GR,2027-11,ativo,MARCOS,2026-02-21
7896006267072,HIDROCORTISONA 10MG CREME 20GR GN UQ,2028-10,ativo,MARCOS,2026-02-21
7896006212584,PROCTFIS H POMADA 20GR + APLIC,2027-11,ativo,MARCOS,2026-02-21
7896641805905,PROCTYL 100MG+27MG 15 SUPOSITORIOS,2027-08,ativo,MARCOS,2026-02-21
7896641801792,PROCTYL POMADA 30GR +10APLIC,2027-03,ativo,MARCOS,2026-02-21
7898949409465,PROCTAN HEMORROIDAS 25GR,2027-05,ativo,MARCOS,2026-02-21
7898040329785,VARICELL PROCT POM 25GR,2026-11,ativo,MARCOS,2026-02-21
7896523202020,KURAMED HEMOFISS POM 30GR + 10 APLIC,2027-06,ativo,MARCOS,2026-02-21
7896331700459,PROCTOSAN POM 20GR + 1APLIC,2027-09,ativo,MARCOS,2026-02-21
7899811100596,BASILICAO UBER PHARMA POM 27GR,2028-10,ativo,MARCOS,2026-02-21
7896676427745,"KOLLAGENASE 0,6U/G POM DERM 30GR",2027-11,ativo,MARCOS,2026-02-21
7896112403418,CONTRACTUBEX GEL 20GR,2027-06,ativo,MARCOS,2026-02-21
7891317412661,PROFLAM 15MG/G CR 30GR,2027-04,ativo,MARCOS,2026-02-21
7896658006432,ACHEFLAN 5MG/G CR DERM 30GR,2027-07,ativo,MARCOS,2026-02-21
7898560661563,REPARIL GEL 30GR,2027-02,ativo,MARCOS,2026-02-21
7896004786858,PENVIR LABIA CR 1% 5GR,2027-07,ativo,MARCOS,2026-02-21
7899811100237,URUDERM Q-ALIV POM 30GR,2028-08,ativo,MARCOS,2026-02-21
7896004715902,NEOMICINA+BACITRACINA POM 15GR GN EMS,2027-09,ativo,MARCOS,2026-02-21
7898927111113,CAMILIA 10 FLACONETES 1ML,2027-09,ativo,MARCOS,2026-02-23
7894916325868,MUCOS EXPEC 600MG LARANJA 10ENV 5GR,2027-06,ativo,MARCOS,2026-02-23
7896714236223,NEOTOSS 3MG/ML XPE ADU 100ML,2028-07,ativo,MARCOS,2026-02-23
7896094929401,"DESCON 2MG+2,5MG/ML GTS 20ML",2026-06,ativo,MARCOS,2026-02-23
7896472521814,FEXOFENADINA 6MG/ML 150ML GN NOVAQ,2027-02,ativo,MARCOS,2026-02-23
7899470807652,SEAKALM 600MG 20CP,2027-07,ativo,MARCOS,2026-02-23
7899470807652,SEAKALM 600MG 20CP,2027-08,ativo,MARCOS,2026-02-23
7898665433188,VITAFOR MELATONINA GTS 20ML,2027-09,ativo,MARCOS,2026-02-23
7896920307656,LEEPZ GOTAS 30ML,2027-10,ativo,MARCOS,2026-02-23
7899824401543,CISTOP D-MANOSE 2GR 30CP MASTIG CRAMBERRY,2026-06,ativo,MARCOS,2026-02-23
7898927111304,QUIETUDE 20 FLACONETES,2027-12,ativo,MARCOS,2026-02-23
7896006202226,FERID POM DERM 10GR,2027-09,ativo,MARCOS,2026-02-23
7898655576512,17898655576519,2027-11,ativo,MARCOS,2026-02-23
7896112127680,"DEXCLORFENIRAMINA 0,4MG/ML 100ML GN TEUTO",2027-05,ativo,MARCOS,2026-02-23
7896112180616,PROFERGAN 20MG/G CR DERM 30GR,2027-09,ativo,MARCOS,2026-02-23
7898636641086,AMORA MIURA 500MG 60CPS,2027-06,ativo,MARCOS,2026-02-23
7898133136634,ARLIVRY 7MG/ML XPE 100ML SABOR CEREJA,2027-07,ativo,MARCOS,2026-02-23
7897947620582,LAVITAN VITAMINA E 30CPS,2027-05,ativo,MARCOS,2026-02-23
7896523202204,LORATAMED 1MG/ML XPE 100ML,2027-02,ativo,MARCOS,2026-02-23
7897917000178,"DELTAPIL SH 0,20MG/ML 100ML",2027-09,ativo,MARCOS,2026-02-23
7896685302095,QUITLIS SOL ORAL 150ML,2027-08,ativo,MARCOS,2026-02-25
7899420501456,VIVOSSO PRO 60CP,2027-10,ativo,MARCOS,2026-02-25
7896226110226,VITERGAN COG 60CP,2027-11,ativo,MARCOS,2026-02-25
7898430194719,DPREV IMUNE KIDS 75ML,2027-07,ativo,MARCOS,2026-02-25
7896094927261,CURC 400MG 60CP,2027-09,ativo,MARCOS,2026-02-25
7899824401048,ZIRVIT MULTI 30CP,2027-09,ativo,MARCOS,2026-02-25
7891058022730,OSCAL D 500MG + VIT D 1.000UI 60CP,2027-12,ativo,MARCOS,2026-02-25
7896658038730,SANY D 200UI GT MACA VERDE 10ML,2027-10,ativo,MARCOS,2026-02-25
7891010255725,REFIL HIDR FACIAL NEUTROGENA HYDRO BOOST 50GR,2026-04,ativo,MARCOS,2026-03-14
7896094921870,ONDIF 4MG 10 FILMES,2026-05,ativo,MARCOS,2026-03-14
